planarian_id,group,regeneration_mm
C01,control,0.578
C02,control,0.717
C03,control,0.449
C04,control,0.161
C05,control,0.365
C06,control,0.114
C07,control,0.605
C08,control,1.203
C09,control,0.347
C10,control,0.287
C11,control,0.806
C12,control,0.744
C13,control,0.626
C14,control,0.143
C15,control,0.564
L01,low,0.557
L02,low,-0.199
L03,low,0.13
L04,low,-0.406
L05,low,-0.179
L06,low,-0.384
L07,low,0.212
L08,low,-0.171
L09,low,0.4
L10,low,0.357
L11,low,0.23
L12,low,-0.634
L13,low,0.099
L14,low,0.281
H01,high,0.417
H02,high,-0.275
H03,high,0.168
H04,high,-0.043
H05,high,0.029
H06,high,0.816
H07,high,0.029
H08,high,0.356
H09,high,0.741
H10,high,0.124
H11,high,0.322
H12,high,0.416
H13,high,0.396
